fused_x,fused_y,fused_z,agreement_score,conflict_score,novelty_score,dominant_modality
0.0047753777406387655,0.0011857086128971071,0.00027036368131410607,0.11046330327420152,0.009626972113695353,0.4390553701401625,music
